non_syn,gene,mutation,details_gene,lineage
aa,orf1ab,T183I,nsp3,B.1.1.7
aa,orf1ab,A890D,nsp3,B.1.1.7
aa,orf1ab,I1412T,nsp3,B.1.1.7
del,orf1ab,11288:9,nsp6,B.1.1.7
del,S,21765:6,,B.1.1.7
del,S,21991:3,,B.1.1.7
aa,S,N501Y,,B.1.1.7
aa,S,A570D,,B.1.1.7
aa,S,P681H,,B.1.1.7
aa,S,T716I,,B.1.1.7
aa,S,S982A,,B.1.1.7
aa,S,D1118H,,B.1.1.7
aa,Orf8,Q27*,,B.1.1.7
aa,Orf8,R52I,,B.1.1.7
aa,Orf8,Y73C,,B.1.1.7
aa,N,D3L,,B.1.1.7
aa,N,S235F,,B.1.1.7
aa,E,P71L,,B.1.351
aa,N,T205I,,B.1.351
aa,S,D80A,,B.1.351
aa,S,D215G,,B.1.351
aa,S,K417N,,B.1.351
aa,S,A701V,,B.1.351
aa,S,N501Y,,B.1.351
aa,S,E484K,,B.1.351
aa,orf1ab,T85I,nsp2,B.1.351
aa,orf1ab,K837N,nsp3,B.1.351
aa,orf1ab,K90R,nsp5,B.1.351
aa,orf1ab,Q57H,orf3a,B.1.351
aa,orf1ab,S171L,orf3a,B.1.351
del,S,22281:9,,B.1.351
aa,orf1ab,11288:9,nsp6,B.1.351
aa,orf1ab,S370L,nsp3,P.1
aa,orf1ab,K977Q,nsp3,P.1
del,orf1ab,11288:9,nsp6,P.1
aa,S,L18F,,P.1
aa,S,T20N,,P.1
aa,S,P26S,,P.1
aa,S,D138Y,,P.1
aa,S,R190S,,P.1
aa,S,K417T,,P.1
aa,S,E484K,,P.1
aa,S,N501Y,,P.1
aa,S,H655Y,,P.1
aa,S,T1027I,,P.1
aa,orf3a,G174C,,P.1
aa,orf8,E92K,,P.1
aa,N,P80R,,P.1
ins,.,28262:4,intergene,P.1
aa,orf1ab,L741F,nsp3,A23.1
aa,orf1ab,M86I,nsp6,A23.1
aa,orf1ab,L98F,nsp6,A23.1
aa,orf1ab,M183I,nsp6,A23.1
aa,S,F157L,,A23.1
aa,S,V367F,,A23.1
aa,S,Q613H,,A23.1
aa,S,P681R,,A23.1
aa,S,R102I,,A23.1
aa,S,E484K,,A23.1
aa,orf8,L84S,,A23.1
aa,orf8,E92K,,A23.1
aa,N,S292N,,A23.1
aa,orf1ab,P323F,nsp12,B.1.525
aa,S,Q52R,,B.1.525
aa,S,E484K,,B.1.525
aa,S,Q677H,,B.1.525
aa,S,F888L,,B.1.525
aa,E,L21F,,B.1.525
aa,M,I82T,,B.1.525
del,orf1ab,11288:9,nsp6,B.1.525
del,S,21765:6,,B.1.525
del,,28278:3,,B.1.525
aa,orf1ab,K1693B,nsp3,B.1.1.318
aa,orf1ab,T173I,nsp4,B.1.1.318
aa,orf1ab,A446V,nsp4,B.1.1.318
aa,orf1ab,T21I,nsp5,B.1.1.318
del,orf1ab,11288:9,nsp6,B.1.1.318
aa,orf1ab,V320M,nsp15,B.1.1.318
aa,S,T95I,,B.1.1.318
del,S,21991:3,,B.1.1.318
aa,S,E484K,,B.1.1.318
aa,S,P681H,,B.1.1.318
aa,S,D796H,,B.1.1.318
aa,M,I82T,,B.1.1.318
del,Orf7b,27888:15,Orf7b,B.1.1.318
aa,orf8,E106*,orf8,B.1.1.318
del,N,28896:3,N,B.1.1.318
aa,orf1ab,L205V,nsp5,P.2
aa,S,E484K,,P.2
aa,N,A119S,,P.2
,N,M234I,,P.2
aa,orf1ab,G76S,nsp3,B.1.324.1
aa,orf1ab,G206C,nsp13,B.1.324.1
aa,S,E484K,,B.1.324.1
del,orf8,27922:35,,B.1.324.1
aa,nsp3,D736G,,P.3
aa,orf1ab,L438P,nsp4,P.3
aa,orf1ab,D112B,nsp6,P.3
aa,orf1ab,L71F,nsp7,P.3
aa,orf1ab,A368V,nsp13,P.3
del,S,21981:9,,P.3
aa,S,E484K,,P.3
aa,S,P681H,,P.3
aa,S,E1092K,,P.3
aa,S,H1101Y,,P.3
aa,S,V1176F,,P.3
aa,orf8,K2Q,,P.3
aa,orf1ab,T749I,nsp3,B.1.617
aa,orf1ab,T77A,nsp6,B.1.617
aa,orf1ab,M428I,nsp13,B.1.617
aa,orf1ab,K259R,nsp15,B.1.617
aa,S,E154K,,B.1.617
aa,S,L452R,,B.1.617
aa,S,E484Q,,B.1.617
aa,S,P681R,,B.1.617
aa,orf3a,S26L,,B.1.617
aa,orf7a,V82A,,B.1.617
aa,N,R203M,,B.1.617
aa,S,E154K,,B.1.617.1
aa,S,L452R,,B.1.617.1
aa,S,E484Q,,B.1.617.1
aa,S,P681R,,B.1.617.1
aa,S,T19R,,B.1.617.2
aa,S,L452R,,B.1.617.2
aa,S,T478K,,B.1.617.2
aa,S,D614G,,B.1.617.2
aa,S,P681R,,B.1.617.2
aa,S,D950N,,B.1.617.2
aa,S,R158G,,B.1.617.2
aa,S,T19R,,B.1.617.3
aa,S,L452R,,B.1.617.3
aa,S,E484Q,,B.1.617.3
aa,S,D614G,,B.1.617.3
aa,S,P681R,,B.1.617.3
aa,S,D950N,,B.1.617.3
aa,S,D80G,,AV.1
aa,S,T95I,,AV.1
aa,S,G142D,,AV.1
aa,S,N439K,,AV.1
aa,S,E484K,,AV.1
aa,S,D614G,,AV.1
aa,S,P681H,,AV.1
aa,S,I1130V,,AV.1
aa,S,D1139H,,AV.1
